{
    "No Churn": {
        "precision": 0.8340888485947416,
        "recall": 0.8906098741529526,
        "f1-score": 0.8614232209737828,
        "support": 1033.0
    },
    "Churn": {
        "precision": 0.6282894736842105,
        "recall": 0.5106951871657754,
        "f1-score": 0.5634218289085545,
        "support": 374.0
    },
    "accuracy": 0.7896233120113717,
    "macro avg": {
        "precision": 0.7311891611394761,
        "recall": 0.7006525306593641,
        "f1-score": 0.7124225249411686,
        "support": 1407.0
    },
    "weighted avg": {
        "precision": 0.7793845371402011,
        "recall": 0.7896233120113717,
        "f1-score": 0.7822103420595002,
        "support": 1407.0
    }
}